<metadata xml:lang="en"><Esri><CreaDate>20230801</CreaDate><CreaTime>20011100</CreaTime><ArcGISFormat>1.0</ArcGISFormat><SyncOnce>FALSE</SyncOnce><DataProperties><itemProps><itemName Sync="TRUE">Quebec_Wells_Data_Khalil</itemName><imsContentType Sync="TRUE">002</imsContentType><itemLocation><linkage Sync="TRUE">file://\\288-GIC-PC-14\C$\Users\ogrego\Documents\ArcGIS\Projects\Khalil_H2S_Quebec_Dataset\New Folder\Quebec_Wells_Data_Khalil.shp</linkage><protocol Sync="TRUE">Local Area Network</protocol></itemLocation><itemSize Sync="TRUE">0.000</itemSize></itemProps><coordRef><type Sync="TRUE">Geographic</type><geogcsn Sync="TRUE">Longitude / Latitude (NAD 83)</geogcsn><csUnits Sync="TRUE">Angular Unit: Decimal Degree (0.017453)</csUnits><peXml Sync="TRUE">&lt;GeographicCoordinateSystem xsi:type='typens:GeographicCoordinateSystem' xmlns:xsi='http://www.w3.org/2001/XMLSchema-instance' xmlns:xs='http://www.w3.org/2001/XMLSchema' xmlns:typens='http://www.esri.com/schemas/ArcGIS/10.8'&gt;&lt;WKT&gt;GEOGCS[&amp;quot;Longitude / Latitude (NAD 83)&amp;quot;,DATUM[&amp;quot;NAD 83&amp;quot;,SPHEROID[&amp;quot;GRS 80&amp;quot;,6378137.0,298.257222101]],PRIMEM[&amp;quot;Greenwich&amp;quot;,0.0],UNIT[&amp;quot;Decimal Degree&amp;quot;,0.0174532925199433]]&lt;/WKT&gt;&lt;XOrigin&gt;-400&lt;/XOrigin&gt;&lt;YOrigin&gt;-400&lt;/YOrigin&gt;&lt;XYScale&gt;11258999068426.238&lt;/XYScale&gt;&lt;ZOrigin&gt;-100000&lt;/ZOrigin&gt;&lt;ZScale&gt;10000&lt;/ZScale&gt;&lt;MOrigin&gt;-100000&lt;/MOrigin&gt;&lt;MScale&gt;10000&lt;/MScale&gt;&lt;XYTolerance&gt;8.983152841195215e-09&lt;/XYTolerance&gt;&lt;ZTolerance&gt;0.001&lt;/ZTolerance&gt;&lt;MTolerance&gt;0.001&lt;/MTolerance&gt;&lt;HighPrecision&gt;true&lt;/HighPrecision&gt;&lt;LeftLongitude&gt;-180&lt;/LeftLongitude&gt;&lt;/GeographicCoordinateSystem&gt;</peXml></coordRef><lineage><Process ToolSource="c:\program files\arcgis\pro\Resources\ArcToolbox\toolboxes\Conversion Tools.tbx\ExportFeatures" Date="20230801" Time="200111">ExportFeatures Quebec_Wells_Dataset C:\Users\ogrego\Documents\ArcGIS\Projects\Khalil_H2S_Quebec_Dataset\Khalil_H2S_Quebec_Dataset.gdb\Quebec_Wells_Data_Khalil # NOT_USE_ALIAS "NO_SEQ "NO_SEQ" true true false 19 Double 10 18,First,#,Quebec_Wells_Dataset,Puits_Fores_907_Avril2023.NO_SEQ,-1,-1;NO_ENTRE_1 "NO_ENTRE_1" true true false 8 Text 0 0,First,#,Quebec_Wells_Dataset,Puits_Fores_907_Avril2023.NO_ENTRE_1,0,8;NOM_PUITS "NOM_PUITS" true true false 155 Text 0 0,First,#,Quebec_Wells_Dataset,Puits_Fores_907_Avril2023.NOM_PUITS,0,155;ANNEE "ANNEE" true true false 19 Double 10 18,First,#,Quebec_Wells_Dataset,Puits_Fores_907_Avril2023.ANNEE,-1,-1;REGION_GEO "REGION_GEO" true true false 54 Text 0 0,First,#,Quebec_Wells_Dataset,Puits_Fores_907_Avril2023.REGION_GEO,0,54;LATITUDE_X "LATITUDE_X" true true false 13 Text 0 0,First,#,Quebec_Wells_Dataset,Puits_Fores_907_Avril2023.LATITUDE_X,0,13;LATITUDE_1 "LATITUDE_1" true true false 12 Double 8 11,First,#,Quebec_Wells_Dataset,Puits_Fores_907_Avril2023.LATITUDE_1,-1,-1;LONGITUDE_ "LONGITUDE_" true true false 14 Text 0 0,First,#,Quebec_Wells_Dataset,Puits_Fores_907_Avril2023.LONGITUDE_,0,14;LONGITUDE1 "LONGITUDE1" true true false 13 Double 8 12,First,#,Quebec_Wells_Dataset,Puits_Fores_907_Avril2023.LONGITUDE1,-1,-1;PROFONDEUR "PROFONDEUR" true true false 51 Text 0 0,First,#,Quebec_Wells_Dataset,Puits_Fores_907_Avril2023.PROFONDEUR,0,51;TYPE_PUITS "TYPE_PUITS" true true false 80 Text 0 0,First,#,Quebec_Wells_Dataset,Puits_Fores_907_Avril2023.TYPE_PUITS,0,80;SYMBOLOGIE "SYMBOLOGIE" true true false 50 Text 0 0,First,#,Quebec_Wells_Dataset,Puits_Fores_907_Avril2023.SYMBOLOGIE,0,50;F1 "F1" true true false 8 Double 0 0,First,#,Quebec_Wells_Dataset,Feuil1$.F1,-1,-1;Number "Number" true true false 255 Text 0 0,First,#,Quebec_Wells_Dataset,Feuil1$.Number,0,255;Name "Name" true true false 255 Text 0 0,First,#,Quebec_Wells_Dataset,Feuil1$.Name,0,255;MERN_status "MERN status" true true false 255 Text 0 0,First,#,Quebec_Wells_Dataset,Feuil1$.MERN_status,0,255;Year_of_drilling "Year of drilling" true true false 8 Double 0 0,First,#,Quebec_Wells_Dataset,Feuil1$.Year_of_drilling,-1,-1;Year_of_suspension "Year of suspension" true true false 255 Text 0 0,First,#,Quebec_Wells_Dataset,Feuil1$.Year_of_suspension,0,255;Year_of_abandon "Year of abandon" true true false 255 Text 0 0,First,#,Quebec_Wells_Dataset,Feuil1$.Year_of_abandon,0,255;Latitude "Latitude" true true false 8 Double 0 0,First,#,Quebec_Wells_Dataset,Feuil1$.Latitude,-1,-1;Longitude "Longitude" true true false 8 Double 0 0,First,#,Quebec_Wells_Dataset,Feuil1$.Longitude,-1,-1;Administrative_region "Administrative region" true true false 255 Text 0 0,First,#,Quebec_Wells_Dataset,Feuil1$.Administrative_region,0,255;Geological_region "Geological region" true true false 255 Text 0 0,First,#,Quebec_Wells_Dataset,Feuil1$.Geological_region,0,255;Type_of_drill "Type of drill" true true false 255 Text 0 0,First,#,Quebec_Wells_Dataset,Feuil1$.Type_of_drill,0,255;Deepest_casing_base__m_sol_ou_m "Deepest casing base (m/sol ou m/KB)" true true false 255 Text 0 0,First,#,Quebec_Wells_Dataset,Feuil1$.Deepest_casing_base__m_sol_ou_m,0,255;Geology_from_end_of_last_casing "Geology from end of last casing to bottom of well" true true false 255 Text 0 0,First,#,Quebec_Wells_Dataset,Feuil1$.Geology_from_end_of_last_casing,0,255;Operator "Operator" true true false 255 Text 0 0,First,#,Quebec_Wells_Dataset,Feuil1$.Operator,0,255;Type "Type" true true false 255 Text 0 0,First,#,Quebec_Wells_Dataset,Feuil1$.Type,0,255;Plugging_status "Plugging status" true true false 255 Text 0 0,First,#,Quebec_Wells_Dataset,Feuil1$.Plugging_status,0,255;Ground_elevation__m_mer_ "Ground elevation (m/mer)" true true false 8 Double 0 0,First,#,Quebec_Wells_Dataset,Feuil1$.Ground_elevation__m_mer_,-1,-1;Depth__m_sol_or_m_KB_ "Depth (m/sol or m/KB)" true true false 8 Double 0 0,First,#,Quebec_Wells_Dataset,Feuil1$.Depth__m_sol_or_m_KB_,-1,-1;Link_to_inspection_report "Link to inspection report" true true false 255 Text 0 0,First,#,Quebec_Wells_Dataset,Feuil1$.Link_to_inspection_report,0,255;Link_to_SIGPEG "Link to SIGPEG" true true false 255 Text 0 0,First,#,Quebec_Wells_Dataset,Feuil1$.Link_to_SIGPEG,0,255;ObjectID "ObjectID" false true false 4 Long 0 9,First,#,Quebec_Wells_Dataset,Feuil1$.ObjectID,-1,-1" #</Process></lineage></DataProperties><SyncDate>20230801</SyncDate><SyncTime>20022100</SyncTime><ModDate>20230801</ModDate><ModTime>20022100</ModTime></Esri><dataIdInfo><envirDesc Sync="TRUE"> Version 6.2 (Build 9200) ; Esri ArcGIS 10.9.1.28388</envirDesc><dataLang><languageCode value="eng" Sync="TRUE"></languageCode><countryCode value="CAN" Sync="TRUE"></countryCode></dataLang><idCitation><resTitle Sync="TRUE">Quebec_Wells_Data_Khalil</resTitle><presForm><PresFormCd value="005" Sync="TRUE"></PresFormCd></presForm></idCitation><spatRpType><SpatRepTypCd value="001" Sync="TRUE"></SpatRepTypCd></spatRpType></dataIdInfo><mdLang><languageCode value="eng" Sync="TRUE"></languageCode><countryCode value="CAN" Sync="TRUE"></countryCode></mdLang><distInfo><distFormat><formatName Sync="TRUE">Shapefile</formatName></distFormat><distTranOps><transSize Sync="TRUE">0.000</transSize></distTranOps></distInfo><mdHrLv><ScopeCd value="005" Sync="TRUE"></ScopeCd></mdHrLv><mdHrLvName Sync="TRUE">dataset</mdHrLvName><refSysInfo><RefSystem><refSysID><identCode code="0" Sync="TRUE"></identCode></refSysID></RefSystem></refSysInfo><spatRepInfo><VectSpatRep><geometObjs Name="Quebec_Wells_Data_Khalil"><geoObjTyp><GeoObjTypCd value="004" Sync="TRUE"></GeoObjTypCd></geoObjTyp><geoObjCnt Sync="TRUE">0</geoObjCnt></geometObjs><topLvl><TopoLevCd value="001" Sync="TRUE"></TopoLevCd></topLvl></VectSpatRep></spatRepInfo><spdoinfo><ptvctinf><esriterm Name="Quebec_Wells_Data_Khalil"><efeatyp Sync="TRUE">Simple</efeatyp><efeageom code="1" Sync="TRUE"></efeageom><esritopo Sync="TRUE">FALSE</esritopo><efeacnt Sync="TRUE">0</efeacnt><spindex Sync="TRUE">FALSE</spindex><linrefer Sync="TRUE">FALSE</linrefer></esriterm></ptvctinf></spdoinfo><eainfo><detailed Name="Quebec_Wells_Data_Khalil"><enttyp><enttypl Sync="TRUE">Quebec_Wells_Data_Khalil</enttypl><enttypt Sync="TRUE">Feature Class</enttypt><enttypc Sync="TRUE">0</enttypc></enttyp><attr><attrlabl Sync="TRUE">FID</attrlabl><attalias Sync="TRUE">FID</attalias><attrtype Sync="TRUE">OID</attrtype><attwidth Sync="TRUE">4</attwidth><atprecis Sync="TRUE">0</atprecis><attscale Sync="TRUE">0</attscale><attrdef Sync="TRUE">Internal feature number.</attrdef><attrdefs Sync="TRUE">Esri</attrdefs><attrdomv><udom Sync="TRUE">Sequential unique whole numbers that are automatically generated.</udom></attrdomv></attr><attr><attrlabl Sync="TRUE">Shape</attrlabl><attalias Sync="TRUE">Shape</attalias><attrtype Sync="TRUE">Geometry</attrtype><attwidth Sync="TRUE">0</attwidth><atprecis Sync="TRUE">0</atprecis><attscale Sync="TRUE">0</attscale><attrdef Sync="TRUE">Feature geometry.</attrdef><attrdefs Sync="TRUE">Esri</attrdefs><attrdomv><udom Sync="TRUE">Coordinates defining the features.</udom></attrdomv></attr><attr><attrlabl Sync="TRUE">NO_SEQ</attrlabl><attalias Sync="TRUE">NO_SEQ</attalias><attrtype Sync="TRUE">Double</attrtype><attwidth Sync="TRUE">19</attwidth><atprecis Sync="TRUE">0</atprecis><attscale Sync="TRUE">0</attscale></attr><attr><attrlabl Sync="TRUE">NO_ENTRE_1</attrlabl><attalias Sync="TRUE">NO_ENTRE_1</attalias><attrtype Sync="TRUE">String</attrtype><attwidth Sync="TRUE">8</attwidth><atprecis Sync="TRUE">0</atprecis><attscale Sync="TRUE">0</attscale></attr><attr><attrlabl Sync="TRUE">NOM_PUITS</attrlabl><attalias Sync="TRUE">NOM_PUITS</attalias><attrtype Sync="TRUE">String</attrtype><attwidth Sync="TRUE">155</attwidth><atprecis Sync="TRUE">0</atprecis><attscale Sync="TRUE">0</attscale></attr><attr><attrlabl Sync="TRUE">ANNEE</attrlabl><attalias Sync="TRUE">ANNEE</attalias><attrtype Sync="TRUE">Double</attrtype><attwidth Sync="TRUE">19</attwidth><atprecis Sync="TRUE">0</atprecis><attscale Sync="TRUE">0</attscale></attr><attr><attrlabl Sync="TRUE">REGION_GEO</attrlabl><attalias Sync="TRUE">REGION_GEO</attalias><attrtype Sync="TRUE">String</attrtype><attwidth Sync="TRUE">54</attwidth><atprecis Sync="TRUE">0</atprecis><attscale Sync="TRUE">0</attscale></attr><attr><attrlabl Sync="TRUE">LATITUDE_X</attrlabl><attalias Sync="TRUE">LATITUDE_X</attalias><attrtype Sync="TRUE">String</attrtype><attwidth Sync="TRUE">13</attwidth><atprecis Sync="TRUE">0</atprecis><attscale Sync="TRUE">0</attscale></attr><attr><attrlabl Sync="TRUE">LATITUDE_1</attrlabl><attalias Sync="TRUE">LATITUDE_1</attalias><attrtype Sync="TRUE">Double</attrtype><attwidth Sync="TRUE">19</attwidth><atprecis Sync="TRUE">0</atprecis><attscale Sync="TRUE">0</attscale></attr><attr><attrlabl Sync="TRUE">LONGITUDE_</attrlabl><attalias Sync="TRUE">LONGITUDE_</attalias><attrtype Sync="TRUE">String</attrtype><attwidth Sync="TRUE">14</attwidth><atprecis Sync="TRUE">0</atprecis><attscale Sync="TRUE">0</attscale></attr><attr><attrlabl Sync="TRUE">LONGITUDE1</attrlabl><attalias Sync="TRUE">LONGITUDE1</attalias><attrtype Sync="TRUE">Double</attrtype><attwidth Sync="TRUE">19</attwidth><atprecis Sync="TRUE">0</atprecis><attscale Sync="TRUE">0</attscale></attr><attr><attrlabl Sync="TRUE">PROFONDEUR</attrlabl><attalias Sync="TRUE">PROFONDEUR</attalias><attrtype Sync="TRUE">String</attrtype><attwidth Sync="TRUE">51</attwidth><atprecis Sync="TRUE">0</atprecis><attscale Sync="TRUE">0</attscale></attr><attr><attrlabl Sync="TRUE">TYPE_PUITS</attrlabl><attalias Sync="TRUE">TYPE_PUITS</attalias><attrtype Sync="TRUE">String</attrtype><attwidth Sync="TRUE">80</attwidth><atprecis Sync="TRUE">0</atprecis><attscale Sync="TRUE">0</attscale></attr><attr><attrlabl Sync="TRUE">SYMBOLOGIE</attrlabl><attalias Sync="TRUE">SYMBOLOGIE</attalias><attrtype Sync="TRUE">String</attrtype><attwidth Sync="TRUE">50</attwidth><atprecis Sync="TRUE">0</atprecis><attscale Sync="TRUE">0</attscale></attr><attr><attrlabl Sync="TRUE">F1</attrlabl><attalias Sync="TRUE">F1</attalias><attrtype Sync="TRUE">Double</attrtype><attwidth Sync="TRUE">19</attwidth><atprecis Sync="TRUE">0</atprecis><attscale Sync="TRUE">0</attscale></attr><attr><attrlabl Sync="TRUE">Number</attrlabl><attalias Sync="TRUE">Number</attalias><attrtype Sync="TRUE">String</attrtype><attwidth Sync="TRUE">254</attwidth><atprecis Sync="TRUE">0</atprecis><attscale Sync="TRUE">0</attscale></attr><attr><attrlabl Sync="TRUE">Name</attrlabl><attalias Sync="TRUE">Name</attalias><attrtype Sync="TRUE">String</attrtype><attwidth Sync="TRUE">254</attwidth><atprecis Sync="TRUE">0</atprecis><attscale Sync="TRUE">0</attscale></attr><attr><attrlabl Sync="TRUE">MERN_statu</attrlabl><attalias Sync="TRUE">MERN_statu</attalias><attrtype Sync="TRUE">String</attrtype><attwidth Sync="TRUE">254</attwidth><atprecis Sync="TRUE">0</atprecis><attscale Sync="TRUE">0</attscale></attr><attr><attrlabl Sync="TRUE">Year_of_dr</attrlabl><attalias Sync="TRUE">Year_of_dr</attalias><attrtype Sync="TRUE">Double</attrtype><attwidth Sync="TRUE">19</attwidth><atprecis Sync="TRUE">0</atprecis><attscale Sync="TRUE">0</attscale></attr><attr><attrlabl Sync="TRUE">Year_of_su</attrlabl><attalias Sync="TRUE">Year_of_su</attalias><attrtype Sync="TRUE">String</attrtype><attwidth Sync="TRUE">254</attwidth><atprecis Sync="TRUE">0</atprecis><attscale Sync="TRUE">0</attscale></attr><attr><attrlabl Sync="TRUE">Year_of_ab</attrlabl><attalias Sync="TRUE">Year_of_ab</attalias><attrtype Sync="TRUE">String</attrtype><attwidth Sync="TRUE">254</attwidth><atprecis Sync="TRUE">0</atprecis><attscale Sync="TRUE">0</attscale></attr><attr><attrlabl Sync="TRUE">Latitude</attrlabl><attalias Sync="TRUE">Latitude</attalias><attrtype Sync="TRUE">Double</attrtype><attwidth Sync="TRUE">19</attwidth><atprecis Sync="TRUE">0</atprecis><attscale Sync="TRUE">0</attscale></attr><attr><attrlabl Sync="TRUE">Longitude</attrlabl><attalias Sync="TRUE">Longitude</attalias><attrtype Sync="TRUE">Double</attrtype><attwidth Sync="TRUE">19</attwidth><atprecis Sync="TRUE">0</atprecis><attscale Sync="TRUE">0</attscale></attr><attr><attrlabl Sync="TRUE">Administra</attrlabl><attalias Sync="TRUE">Administra</attalias><attrtype Sync="TRUE">String</attrtype><attwidth Sync="TRUE">254</attwidth><atprecis Sync="TRUE">0</atprecis><attscale Sync="TRUE">0</attscale></attr><attr><attrlabl Sync="TRUE">Geological</attrlabl><attalias Sync="TRUE">Geological</attalias><attrtype Sync="TRUE">String</attrtype><attwidth Sync="TRUE">254</attwidth><atprecis Sync="TRUE">0</atprecis><attscale Sync="TRUE">0</attscale></attr><attr><attrlabl Sync="TRUE">Type_of_dr</attrlabl><attalias Sync="TRUE">Type_of_dr</attalias><attrtype Sync="TRUE">String</attrtype><attwidth Sync="TRUE">254</attwidth><atprecis Sync="TRUE">0</atprecis><attscale Sync="TRUE">0</attscale></attr><attr><attrlabl Sync="TRUE">Deepest_ca</attrlabl><attalias Sync="TRUE">Deepest_ca</attalias><attrtype Sync="TRUE">String</attrtype><attwidth Sync="TRUE">254</attwidth><atprecis Sync="TRUE">0</atprecis><attscale Sync="TRUE">0</attscale></attr><attr><attrlabl Sync="TRUE">Geology_fr</attrlabl><attalias Sync="TRUE">Geology_fr</attalias><attrtype Sync="TRUE">String</attrtype><attwidth Sync="TRUE">254</attwidth><atprecis Sync="TRUE">0</atprecis><attscale Sync="TRUE">0</attscale></attr><attr><attrlabl Sync="TRUE">Operator</attrlabl><attalias Sync="TRUE">Operator</attalias><attrtype Sync="TRUE">String</attrtype><attwidth Sync="TRUE">254</attwidth><atprecis Sync="TRUE">0</atprecis><attscale Sync="TRUE">0</attscale></attr><attr><attrlabl Sync="TRUE">Type</attrlabl><attalias Sync="TRUE">Type</attalias><attrtype Sync="TRUE">String</attrtype><attwidth Sync="TRUE">254</attwidth><atprecis Sync="TRUE">0</atprecis><attscale Sync="TRUE">0</attscale></attr><attr><attrlabl Sync="TRUE">Plugging_s</attrlabl><attalias Sync="TRUE">Plugging_s</attalias><attrtype Sync="TRUE">String</attrtype><attwidth Sync="TRUE">254</attwidth><atprecis Sync="TRUE">0</atprecis><attscale Sync="TRUE">0</attscale></attr><attr><attrlabl Sync="TRUE">Ground_ele</attrlabl><attalias Sync="TRUE">Ground_ele</attalias><attrtype Sync="TRUE">Double</attrtype><attwidth Sync="TRUE">19</attwidth><atprecis Sync="TRUE">0</atprecis><attscale Sync="TRUE">0</attscale></attr><attr><attrlabl Sync="TRUE">Depth__m_s</attrlabl><attalias Sync="TRUE">Depth__m_s</attalias><attrtype Sync="TRUE">Double</attrtype><attwidth Sync="TRUE">19</attwidth><atprecis Sync="TRUE">0</atprecis><attscale Sync="TRUE">0</attscale></attr><attr><attrlabl Sync="TRUE">Link_to_in</attrlabl><attalias Sync="TRUE">Link_to_in</attalias><attrtype Sync="TRUE">String</attrtype><attwidth Sync="TRUE">254</attwidth><atprecis Sync="TRUE">0</atprecis><attscale Sync="TRUE">0</attscale></attr><attr><attrlabl Sync="TRUE">Link_to_SI</attrlabl><attalias Sync="TRUE">Link_to_SI</attalias><attrtype Sync="TRUE">String</attrtype><attwidth Sync="TRUE">254</attwidth><atprecis Sync="TRUE">0</atprecis><attscale Sync="TRUE">0</attscale></attr><attr><attrlabl Sync="TRUE">ObjectID</attrlabl><attalias Sync="TRUE">ObjectID</attalias><attrtype Sync="TRUE">Integer</attrtype><attwidth Sync="TRUE">10</attwidth><atprecis Sync="TRUE">10</atprecis><attscale Sync="TRUE">0</attscale></attr></detailed></eainfo><mdDateSt Sync="TRUE">20230801</mdDateSt></metadata>
